Brandtr Yokelman,10,Male,byokelman0@yolasite.com,byokelman0,vs3pBBr
Fulvia Rysom,46,Female,frysom1@istockphoto.com,frysom1,Xfv0gx6K
Carolann Wason,54,Female,cwason2@cargocollective.com,cwason2,SZ4Y73ZrGYHx
Haily O'Donegan,93,Male,hodonegan3@sciencedirect.com,hodonegan3,bVeWDG3yqW
Jedidiah Grabeham,82,Male,jgrabeham4@un.org,jgrabeham4,pzcH84ITM5O
Rudolfo Worsnap,3,Male,rworsnap5@phoca.cz,rworsnap5,K4UVucLdi
Sallyann Bridat,78,Female,sbridat6@eepurl.com,sbridat6,NaZutZOx
Donny McCrohon,78,Male,dmccrohon7@gnu.org,dmccrohon7,VZ8DAeu7T
Blinny Tegeller,68,Female,btegeller8@cnbc.com,btegeller8,h3cvlY
Guy Skillitt,48,Male,gskillitt9@storify.com,gskillitt9,J3bkn4jlF
Nevin Woodyeare,20,Male,nwoodyearea@google.co.jp,nwoodyearea,l8EY1irmjT
Daisie Albury,81,Female,dalburyb@msu.edu,dalburyb,LQrzk6aChfsr
Dore Maxsted,54,Male,dmaxstedc@mozilla.org,dmaxstedc,8602cC69HCoD
Jaime Drohan,44,Female,jdrohand@unesco.org,jdrohand,NSt1MZ
Milt Handrock,66,Male,mhandrocke@sogou.com,mhandrocke,LdMYVVq
Skyler Spiaggia,69,Male,sspiaggiaf@printfriendly.com,sspiaggiaf,871aWxI
Roxana Gillis,12,Female,rgillisg@uol.com.br,rgillisg,ITpeJx1Mp
Nancey Hilland,55,Female,nhillandh@twitter.com,nhillandh,mX6VysfPYpN
Korey Starten,44,Male,kstarteni@state.gov,kstarteni,zo8FErM
Darby Burberye,91,Male,dburberyej@ibm.com,dburberyej,VOQ4Yq